{
  "total_variants": 3439,
  "n_pathogenic": 116,
  "n_benign": 1611,
  "n_vus": 1228,
  "n_other": 484,
  "n_phenotypes": 808,
  "vus_in_pathogenic_clusters": 76,
  "silhouette_score": 0.975,
  "test_auprc": 0.7244158185071232,
  "test_auroc": 0.7583742911153118
}