{
  "total_variants": 3439,
  "n_pathogenic": 116,
  "n_benign": 1611,
  "n_vus": 1228,
  "n_other": 484,
  "n_phenotypes": 808,
  "vus_in_pathogenic_clusters": 304,
  "silhouette_score": 0.5484,
  "test_auprc": 0.8210152520404905,
  "test_auroc": 0.7866162570888467
}